Workbook

Sheet Coordinates
A1: Waypoint | B1: Coordinate NS | C1: Coordinate EW | D1: Altitude | E1: OPENNAV Bezeichung (https://opennav.com/waypoint/DE/MUN08)
A2: Airport Ref | B2: N 48 21 13,62 | C2: E 011 47 09,91
A3: AKINI | B3: N 48 44 59,00 | C3: E 012 07 27,00
A4: ALG | B4: N 47 59 51 | C4: E 010 15 44
A5: ALONU | B5: N 48 17 38 | C5: E 012 01 40
A6: AMEXO | B6: N 48 06 06 | C6: E 010 48 12
A7: AMPEG | B7: N 48 07 56 | C7: E 011 10 41
A8: ANKER | B8: N 48 34 21,45 | C8: E 012 00 08,38
A9: BEGEN | B9: N 48 19 10,32 | C9: E 011 28 53,40
A10: BIBAG | B10: N 48 23 49 | C10: E 012 44 59
A11: DM010 | B11: N 48 22 07,66 | C11: E 011 50 45,49
A12: DM011 | B12: N 48 23 05,66 | C12: E 011 53 03,65
A13: DM012 | B13: N 48 24 12,50 | C13: E 011 50 23,87
... A30: DM045 | B30: N 48 26 49,52 | C30: E 011 44 19,97
A31: DM046 | B31: N 48 14 58,79 | C31: E 011 24 47,92 | E31: DM059
A32: DM049 | B32: N 48 20 15,61 | C32: E 011 42 33,95
A33: DM050 | B33: N 48 17 15,25 | C33: E 011 42 28,82
A34: DM051 | B34: N 48 20 00,96 | C34: E 011 39 09,96
A35: DM052 | B35: N 48 19 54,66 | C35: E 011 37 45,60
A36: DM053 | B36: N 48 18 32,22 | C36: E 011 19 25,02 | E36: MSE18
A37: DM054 | B37: N 48 18 12,0 | C37: E 011 14 56,62
A38: DM055 | B38: N 48 25 33,53 | C38: E 011 26 25,72
A39: DM056 | B39: N 48 29 30,66 | C39: E 011 36 57,12
A40: DM057 | B40: N 48 32 19,19 | C40: E 011 59 09,84
A41: DM058 | B41: N 48 19 01,13 | C41: E 011 25 49,15 | E41: MSE14
A42: DM060 | B42: N 48 21 26,90 | C42: E 011 42 18,56 | E42: MNE36
A43: DM061 | B43: N 48 19 40,25 | C43: E 011 18 13,41
A44: DM062 | B44: N 48 19 17,15 | C44: E 011 13 16,68
A45: DM063 | B45: N 48 27 28,44 | C45: E 011 25 54,01
A46: DM064 | B46: N 48 29 32,67 | C46: E 011 37 13,52
A47: DM065 | B47: N 48 34 12,81 | C47: E 011 35 51,01
A48: DM066 | B48: N 48 21 17,69 | C48: E 011 39 39,11
A49: DM067 | B49: N 48 21 29,94 | C49: E 011 42 3,07
A50: DM068 | B50: N 48 13 48,80 | C50: E 011 42 22,95
A51: DM069 | B51: N 48 05 40,53 | C51: E 011 44 20,87
A52: DM070 | B52: N 48 22 07,04 | C52: E 011 50 37,92
A53: DM071 | B53: N 48 22 47,43 | C53: E 011 59 33,87
A54: DM072 | B54: N 48 20 29,15 | C54: E 012 02 01,38 | E54: DM074
A55: DM073 | B55: N 48 25 03,03 | C55: E 011 51 59,06
A56: DM076 | B56: N 48 23 48,53 | C56: E 011 51 57,92
A57: DM077 | B57: N 48 25 22,59 | C57: E 011 55 11,95
A58: DM079 | B58: N 48 27 26,40 | C58: E 011 59 51,19
A59: DM080 | B59: N 48 21 15,95 | C59: E 011 55 54,47
A60: DM081 | B60: N 48 21 22,13 | C60: E 011 57 16,87
A61: DM083 | B61: N 48 21 33,45 | C61: E 011 59 48,40
A62: DM084 | B62: N 48 20 51,77 | C62: E 011 50 30,98
A63: DM085 | B63: N 48 23 39,31 | C63: E 011 51 58,47
A64: DM087 | B64: N 48 18 35,93 | C64: E 011 59 29,16 | E64: DM082
A65: DM088 | B65: N 48 27 33,00 | C65: E 011 52 44,97
A66: DM089 | B66: N 48 34 59,25 | C66: E 011 49 40,26
A67: DM090 | B67: N 48 16 50,92 | C67: E 011 56 49,14 | E67: MUN08
A68: DM091 | B68: N 48 27 16,58 | C68: E 011 52 51,74
A69: DM092 | B69: N 48 18 13,75 | C69: E 012 06 14,81
A70: DM093 | B70: N 48 20 40 | C70: E 012 04 37
A71: DM094 | B71: N 48 20 39,24 | C71: E 012 01 50,63
A72: DM421 | B72: N 48 24 49,23 | C72: E 011 19 52,01
A73: DM428 | B73: N 48 28 57,67 | C73: E 012 13 45,04
A74: DM431 | B74: N 48 19 46,10 | C74: E 011 20 47,36
A75: DM438 | B75: N 48 23 54,09 | C75: E 012 14 34,84
A76: DM441 | B76: N 48 18 26,45 | C76: E 011 19 48,03
A77: DM448 | B77: N 48 22 34,56 | C77: E 012 13 34,52
A78: DM451 | B78: N 48 13 17,41 | C78: E 011 20 44,28
A79: DM458 | B79: N 48 17 25,14 | C79: E 012 14 25,16
... A97: MIQ | B97: N 48 34 12,81 | C97: E 011 35 51,01
A98: MNE | B98: N 48 21 27,53 | C98: E 011 41 40,19 | E98: DMN35
A99: MSE | B99: N 48 20 00 | C99: E 011 39 10 | E99: MSE36
A100: NELBI | B100: N 48 21 54,84 | C100: E 012 04 32,34
A101: OBAXA | B101: N 48 00 44 | C101: E 011 39 56
A102: OLASO | B102: N 48 12 30 | C102: E 010 13 55
A103: OTT | B103: N 48 10 49,42 | C103: E 011 48 59,53
A104: RATGI | B104: N 48 14 05 | C104: E 012 20 15
A105: RIDAR | B105: N 48 35 18 | C105: E 010 48 10
A106: ROTAX | B106: N 47 58 39 | C106: E 012 23 03
A107: RWY 08L | B107: N 48 21 45,960 | C107: E 011 46 03,178 | D107: 1467.2
A108: RWY 08R | B108: N 48 20 26,413 | C108: E 011 45 03,655 | D108: 1485.5
A109: RWY 26L | B109: N 48 20 41,274 | C109: E 011 48 16,612 | D109: 1469.7
A110: RWY 26R | B110: N 48 22 00,793 | C110: E 011 49 16,222 | D110: 1448.6
A111: TULSI | B111: N 47 42 06 | C111: E 011 47 20
A112: TURBU | B112: N 47 54 51 | C112: E 011 56 55
A113: VAVOR | B113: N 47 56 03 | C113: E 012 09 16
A114: WLD | B114: N 48 34 45,91 | C114: E 011 07 45,79

Sheet Approaches
A1: Name | B1: Climb Gradient | C1: Waypoint Name | D1: Remark | E1: Waypoint row#
A2: APCH 08L | B2: 5,2% | C2: MIQ | D2: Altitude: 5000 | E2: =MATCH(C2,Coordinates!$A$2:$A$114,0) -> 96
C3: DM421 | E3: =MATCH(C3,Coordinates!$A$2:$A$114,0) -> 71
C4: DM431 | E4: =MATCH(C4,Coordinates!$A$2:$A$114,0) -> 73
C5: MAGAT | E5: =MATCH(C5,Coordinates!$A$2:$A$114,0) -> 91
C6: RWY 08L | E6: =MATCH(C6,Coordinates!$A$2:$A$114,0) -> 106
A7: APCH 08R | B7: 5,2% | C7: OTT | D7: Altitude: 5000 | E7: =MATCH(C7,Coordinates!$A$2:$A$114,0) -> 102
C8: DM451 | E8: =MATCH(C8,Coordinates!$A$2:$A$114,0) -> 77
C9: DM441 | E9: =MATCH(C9,Coordinates!$A$2:$A$114,0) -> 75
C10: BEGEN | E10: =MATCH(C10,Coordinates!$A$2:$A$114,0) -> 8
C11: RWY 08R | E11: =MATCH(C11,Coordinates!$A$2:$A$114,0) -> 107
A12: APCH 26L | B12: 5,2% | C12: OTT | D12: Altitude: 5000 | E12: =MATCH(C12,Coordinates!$A$2:$A$114,0) -> 102
C13: DM458 | E13: =MATCH(C13,Coordinates!$A$2:$A$114,0) -> 78
C14: DM448 | E14: =MATCH(C14,Coordinates!$A$2:$A$114,0) -> 76
C15: NELBI | E15: =MATCH(C15,Coordinates!$A$2:$A$114,0) -> 99
C16: RWY 26L | E16: =MATCH(C16,Coordinates!$A$2:$A$114,0) -> 108
A17: APCH 26R | B17: 5,2% | C17: MIQ | D17: Altitude: 5000 | E17: =MATCH(C17,Coordinates!$A$2:$A$114,0) -> 96
C18: DM428 | E18: =MATCH(C18,Coordinates!$A$2:$A$114,0) -> 72
C19: DM438 | E19: =MATCH(C19,Coordinates!$A$2:$A$114,0) -> 74
C20: GUDEG | E20: =MATCH(C20,Coordinates!$A$2:$A$114,0) -> 86
C21: RWY 26R | E21: =MATCH(C21,Coordinates!$A$2:$A$114,0) -> 109

Sheet SID 08L
A1: Name | B1: Climb Gradient | C1: Waypoint Name | D1: Remark | E1: Waypoint row#
A2: GIVMI 6Q (min) | B2: STD | C2: RWY 26R | E2: =MATCH(C2,Coordinates!$A$2:$A$114,0) -> 109
C3: DM070 | E3: =MATCH(C3,Coordinates!$A$2:$A$114,0) -> 51
C4: DM073 | E4: =MATCH(C4,Coordinates!$A$2:$A$114,0) -> 54
C5: MIQ | E5: =MATCH(C5,Coordinates!$A$2:$A$114,0) -> 96
C6: GIVMI | E6: =MATCH(C6,Coordinates!$A$2:$A$114,0) -> 85
A7: GIVMI 6Q (max) | B7: STD | C7: RWY 26R | E7: =MATCH(C7,Coordinates!$A$2:$A$114,0) -> 109
C8: DME DMN 4,5 | E8: =MATCH(C8,Coordinates!$A$2:$A$114,0) -> #N/A
C9: DM073 | E9: =MATCH(C9,Coordinates!$A$2:$A$114,0) -> 54
C10: MIQ | E10: =MATCH(C10,Coordinates!$A$2:$A$114,0) -> 96
C11: GIVMI | E11: =MATCH(C11,Coordinates!$A$2:$A$114,0) -> 85
A12: RIDAR 7Q (min) | B12: STD | C12: RWY 26R | E12: =MATCH(C12,Coordinates!$A$2:$A$114,0) -> 109
C13: DM070 | E13: =MATCH(C13,Coordinates!$A$2:$A$114,0) -> 51
C14: DM073 | E14: =MATCH(C14,Coordinates!$A$2:$A$114,0) -> 54
C15: MIQ | E15: =MATCH(C15,Coordinates!$A$2:$A$114,0) -> 96
C16: WLD | E16: =MATCH(C16,Coordinates!$A$2:$A$114,0) -> 113
C17: RIDAR | E17: =MATCH(C17,Coordinates!$A$2:$A$114,0) -> 104
A18: RIDAR 7Q (max) | B18: STD | C18: RWY 26R | E18: =MATCH(C18,Coordinates!$A$2:$A$114,0) -> 109
C19: DME DMN 4,5 | E19: =MATCH(C19,Coordinates!$A$2:$A$114,0) -> #N/A
C20: DM073 | E20: =MATCH(C20,Coordinates!$A$2:$A$114,0) -> 54
C21: MIQ | E21: =MATCH(C21,Coordinates!$A$2:$A$114,0) -> 96
C22: WLD | E22: =MATCH(C22,Coordinates!$A$2:$A$114,0) -> 113
C23: RIDAR | E23: =MATCH(C23,Coordinates!$A$2:$A$114,0) -> 104
A24: ALG 2Q | B24: 3,4% until 3700 | C24: RWY 26R | E24: =MATCH(C24,Coordinates!$A$2:$A$114,0) -> 109
C25: DM071 | E25: =MATCH(C25,Coordinates!$A$2:$A$114,0) -> 52
C26: DM094 | E26: =MATCH(C26,Coordinates!$A$2:$A$114,0) -> 70
C27: LAKOL | E27: =MATCH(C27,Coordinates!$A$2:$A$114,0) -> 89
C28: OBAXA | E28: =MATCH(C28,Coordinates!$A$2:$A$114,0) -> 100
C29: MERSI | E29: =MATCH(C29,Coordinates!$A$2:$A$114,0) -> 95
C30: ALG | E30: =MATCH(C30,Coordinates!$A$2:$A$114,0) -> 3
A31: MERSI 2T | B31: 7,0% until 7000 | C31: RWY 26R | E31: =MATCH(C31,Coordinates!$A$2:$A$114,0) -> 109
C32: DM071 | E32: =MATCH(C32,Coordinates!$A$2:$A$114,0) -> 52
C33: DM072 | E33: =MATCH(C33,Coordinates!$A$2:$A$114,0) -> 53
C34: DM090 | E34: =MATCH(C34,Coordinates!$A$2:$A$114,0) -> 66
C35: OTT | E35: =MATCH(C35,Coordinates!$A$2:$A$114,0) -> 102
C36: OBAXA | E36: =MATCH(C36,Coordinates!$A$2:$A$114,0) -> 100
C37: MERSI | E37: =MATCH(C37,Coordinates!$A$2:$A$114,0) -> 95
A38: MERSI 4Q | B38: 3,4% until 3700 | C38: RWY 26R | E38: =MATCH(C38,Coordinates!$A$2:$A$114,0) -> 109
C39: DM071 | E39: =MATCH(C39,Coordinates!$A$2:$A$114,0) -> 52
C40: DM094 | E40: =MATCH(C40,Coordinates!$A$2:$A$114,0) -> 70
C41: LAKOL | E41: =MATCH(C41,Coordinates!$A$2:$A$114,0) -> 89
C42: OBAXA | E42: =MATCH(C42,Coordinates!$A$2:$A$114,0) -> 100
C43: MERSI | E43: =MATCH(C43,Coordinates!$A$2:$A$114,0) -> 95
A44: OBAXA 2T | B44: 7,0% until 7000 | C44: RWY 26R | E44: =MATCH(C44,Coordinates!$A$2:$A$114,0) -> 109
C45: DM071 | E45: =MATCH(C45,Coordinates!$A$2:$A$114,0) -> 52
C46: DM072 | E46: =MATCH(C46,Coordinates!$A$2:$A$114,0) -> 53
C47: DM090 | E47: =MATCH(C47,Coordinates!$A$2:$A$114,0) -> 66
C48: OTT | E48: =MATCH(C48,Coordinates!$A$2:$A$114,0) -> 102
C49: OBAXA | E49: =MATCH(C49,Coordinates!$A$2:$A$114,0) -> 100
A50: OLASO 2Q | B50: 3,4% until 3700 | C50: RWY 26R | E50: =MATCH(C50,Coordinates!$A$2:$A$114,0) -> 109
C51: DM071 | E51: =MATCH(C51,Coordinates!$A$2:$A$114,0) -> 52
C52: DM094 | E52: =MATCH(C52,Coordinates!$A$2:$A$114,0) -> 70
C53: LAKOL | E53: =MATCH(C53,Coordinates!$A$2:$A$114,0) -> 89
C54: OBAXA | E54: =MATCH(C54,Coordinates!$A$2:$A$114,0) -> 100
C55: MERSI | E55: =MATCH(C55,Coordinates!$A$2:$A$114,0) -> 95
C56: OLASO | E56: =MATCH(C56,Coordinates!$A$2:$A$114,0) -> 101
A57: TULSI 2Q | B57: 3,4% until 3700 | C57: RWY 26R | E57: =MATCH(C57,Coordinates!$A$2:$A$114,0) -> 109
C58: DM071 | E58: =MATCH(C58,Coordinates!$A$2:$A$114,0) -> 52
C59: DM094 | E59: =MATCH(C59,Coordinates!$A$2:$A$114,0) -> 70
C60: LAKOL | E60: =MATCH(C60,Coordinates!$A$2:$A$114,0) -> 89
C61: MANAL | E61: =MATCH(C61,Coordinates!$A$2:$A$114,0) -> 93
C62: TULSI | E62: =MATCH(C62,Coordinates!$A$2:$A$114,0) -> 110
A63: TURBU 7Q | B63: 3,4% until 3700 | C63: RWY 26R | E63: =MATCH(C63,Coordinates!$A$2:$A$114,0) -> 109
C64: DM071 | E64: =MATCH(C64,Coordinates!$A$2:$A$114,0) -> 52
C65: DM094 | E65: =MATCH(C65,Coordinates!$A$2:$A$114,0) -> 70
C66: LAKOL | E66: =MATCH(C66,Coordinates!$A$2:$A$114,0) -> 89
C67: TURBU | E67: =MATCH(C67,Coordinates!$A$2:$A$114,0) -> 111
A68: BIBAG 2Q | B68: 3,4% until 3700 | C68: RWY 26R | E68: =MATCH(C68,Coordinates!$A$2:$A$114,0) -> 109
C69: DM071 | E69: =MATCH(C69,Coordinates!$A$2:$A$114,0) -> 52
C70: RATGI | E70: =MATCH(C70,Coordinates!$A$2:$A$114,0) -> 103
C71: BIBAG | E71: =MATCH(C71,Coordinates!$A$2:$A$114,0) -> 9
A72: KIRDI 2Q | B72: 3,4% until 3700 | C72: RWY 26R | E72: =MATCH(C72,Coordinates!$A$2:$A$114,0) -> 109
C73: DM071 | E73: =MATCH(C73,Coordinates!$A$2:$A$114,0) -> 52
C74: RATGI | E74: =MATCH(C74,Coordinates!$A$2:$A$114,0) -> 103
C75: MEBEK | E75: =MATCH(C75,Coordinates!$A$2:$A$114,0) -> 94
C76: KIRDI | E76: =MATCH(C76,Coordinates!$A$2:$A$114,0) -> 88
A77: ROTAX 4Q | B77: 3,4% until 3700 | C77: RWY 26R | E77: =MATCH(C77,Coordinates!$A$2:$A$114,0) -> 109
C78: DM071 | E78: =MATCH(C78,Coordinates!$A$2:$A$114,0) -> 52
C79: DM093 | E79: =MATCH(C79,Coordinates!$A$2:$A$114,0) -> 69
C80: DM467 | E80: =MATCH(C80,Coordinates!$A$2:$A$114,0) -> 79
C81: ROTAX | E81: =MATCH(C81,Coordinates!$A$2:$A$114,0) -> 105
A82: VAVOR 3Q | B82: 3,4% until 3700 | C82: RWY 26R | E82: =MATCH(C82,Coordinates!$A$2:$A$114,0) -> 109
C83: DM071 | E83: =MATCH(C83,Coordinates!$A$2:$A$114,0) -> 52
C84: DM094 | E84: =MATCH(C84,Coordinates!$A$2:$A$114,0) -> 70
C85: EBEVO | E85: =MATCH(C85,Coordinates!$A$2:$A$114,0) -> 82
C86: VAVOR | E86: =MATCH(C86,Coordinates!$A$2:$A$114,0) -> 112
A87: ANKER 9Q (min) | B87: STD | C87: RWY 26R | E87: =MATCH(C87,Coordinates!$A$2:$A$114,0) -> 109
C88: DM070 | E88: =MATCH(C88,Coordinates!$A$2:$A$114,0) -> 51
C89: DM077 | E89: =MATCH(C89,Coordinates!$A$2:$A$114,0) -> 56
C90: DM079 | E90: =MATCH(C90,Coordinates!$A$2:$A$114,0) -> 57
C91: ANKER | E91: =MATCH(C91,Coordinates!$A$2:$A$114,0) -> 7
A92: ANKER 9Q (max) | B92: STD | C92: RWY 26R | E92: =MATCH(C92,Coordinates!$A$2:$A$114,0) -> 109
C93: DME DMN 4,5 | E93: =MATCH(C93,Coordinates!$A$2:$A$114,0) -> #N/A
C94: DM077 | E94: =MATCH(C94,Coordinates!$A$2:$A$114,0) -> 56
C95: DM079 | E95: =MATCH(C95,Coordinates!$A$2:$A$114,0) -> 57
C96: ANKER | E96: =MATCH(C96,Coordinates!$A$2:$A$114,0) -> 7
A97: EVIVA 4Q (min) | B97: STD | C97: RWY 26R | E97: =MATCH(C97,Coordinates!$A$2:$A$114,0) -> 109
C98: DM070 | E98: =MATCH(C98,Coordinates!$A$2:$A$114,0) -> 51
C99: DM091 | E99: =MATCH(C99,Coordinates!$A$2:$A$114,0) -> 67
C100: DM089 | E100: =MATCH(C100,Coordinates!$A$2:$A$114,0) -> 65
...

Sheet SID 08R
A1: Name | B1: Climb Gradient | C1: Waypoint Name | D1: Remark | E1: Waypoint row#
A2: GIVMI 6E (min) | B2: STD | C2: RWY 26L | E2: =MATCH(C2,Coordinates!$A$2:$A$114,0) -> 108
C3: DM084 | E3: =MATCH(C3,Coordinates!$A$2:$A$114,0) -> 61
C4: DM085 | E4: =MATCH(C4,Coordinates!$A$2:$A$114,0) -> 62
C5: MIQ | E5: =MATCH(C5,Coordinates!$A$2:$A$114,0) -> 96
C6: GIVMI | E6: =MATCH(C6,Coordinates!$A$2:$A$114,0) -> 85
A7: GIVMI 6E (max) | B7: STD | C7: RWY 26L | E7: =MATCH(C7,Coordinates!$A$2:$A$114,0) -> 108
C8: DME DMS 5,1 | E8: =MATCH(C8,Coordinates!$A$2:$A$114,0) -> #N/A
C9: DM085 | E9: =MATCH(C9,Coordinates!$A$2:$A$114,0) -> 62
C10: MIQ | E10: =MATCH(C10,Coordinates!$A$2:$A$114,0) -> 96
C11: GIVMI | E11: =MATCH(C11,Coordinates!$A$2:$A$114,0) -> 85
A12: RIDAR 7E (min) | B12: STD | C12: RWY 26L | E12: =MATCH(C12,Coordinates!$A$2:$A$114,0) -> 108
C13: DM084 | E13: =MATCH(C13,Coordinates!$A$2:$A$114,0) -> 61
C14: DM085 | E14: =MATCH(C14,Coordinates!$A$2:$A$114,0) -> 62
C15: MIQ | E15: =MATCH(C15,Coordinates!$A$2:$A$114,0) -> 96
C16: WLD | E16: =MATCH(C16,Coordinates!$A$2:$A$114,0) -> 113
C17: RIDAR | E17: =MATCH(C17,Coordinates!$A$2:$A$114,0) -> 104
A18: RIDAR 7E (max) | B18: STD | C18: RWY 26L | E18: =MATCH(C18,Coordinates!$A$2:$A$114,0) -> 108
C19: DME DMS 5,1 | E19: =MATCH(C19,Coordinates!$A$2:$A$114,0) -> #N/A
C20: DM085 | E20: =MATCH(C20,Coordinates!$A$2:$A$114,0) -> 62
C21: MIQ | E21: =MATCH(C21,Coordinates!$A$2:$A$114,0) -> 96
C22: WLD | E22: =MATCH(C22,Coordinates!$A$2:$A$114,0) -> 113
C23: RIDAR | E23: =MATCH(C23,Coordinates!$A$2:$A$114,0) -> 104
A24: ALG 2E | B24: 3,8% until 3700 | C24: RWY 26L | E24: =MATCH(C24,Coordinates!$A$2:$A$114,0) -> 108
C25: DM081 | E25: =MATCH(C25,Coordinates!$A$2:$A$114,0) -> 59
C26: ALONU | E26: =MATCH(C26,Coordinates!$A$2:$A$114,0) -> 4
C27: LAKOL | E27: =MATCH(C27,Coordinates!$A$2:$A$114,0) -> 89
C28: OBAXA | E28: =MATCH(C28,Coordinates!$A$2:$A$114,0) -> 100
C29: MERSI | E29: =MATCH(C29,Coordinates!$A$2:$A$114,0) -> 95
C30: ALG | E30: =MATCH(C30,Coordinates!$A$2:$A$114,0) -> 3
A31: MERSI 2P | B31: 9,4% until 7000 | C31: RWY 26L | E31: =MATCH(C31,Coordinates!$A$2:$A$114,0) -> 108
C32: DM081 | E32: =MATCH(C32,Coordinates!$A$2:$A$114,0) -> 59
C33: DM087 | E33: =MATCH(C33,Coordinates!$A$2:$A$114,0) -> 63
C34: DM090 | E34: =MATCH(C34,Coordinates!$A$2:$A$114,0) -> 66
C35: OTT | E35: =MATCH(C35,Coordinates!$A$2:$A$114,0) -> 102
C36: OBAXA | E36: =MATCH(C36,Coordinates!$A$2:$A$114,0) -> 100
C37: MERSI | E37: =MATCH(C37,Coordinates!$A$2:$A$114,0) -> 95
A38: MERSI 4E | B38: 3,8% until 3700 | C38: RWY 26L | E38: =MATCH(C38,Coordinates!$A$2:$A$114,0) -> 108
C39: DM081 | E39: =MATCH(C39,Coordinates!$A$2:$A$114,0) -> 59
C40: ALONU | E40: =MATCH(C40,Coordinates!$A$2:$A$114,0) -> 4
C41: LAKOL | E41: =MATCH(C41,Coordinates!$A$2:$A$114,0) -> 89
C42: OBAXA | E42: =MATCH(C42,Coordinates!$A$2:$A$114,0) -> 100
C43: MERSI | E43: =MATCH(C43,Coordinates!$A$2:$A$114,0) -> 95
A44: OBAXA 2P | B44: 9,4% until 7000 | C44: RWY 26L | E44: =MATCH(C44,Coordinates!$A$2:$A$114,0) -> 108
C45: DM081 | E45: =MATCH(C45,Coordinates!$A$2:$A$114,0) -> 59
C46: DM087 | E46: =MATCH(C46,Coordinates!$A$2:$A$114,0) -> 63
C47: DM090 | E47: =MATCH(C47,Coordinates!$A$2:$A$114,0) -> 66
C48: OTT | E48: =MATCH(C48,Coordinates!$A$2:$A$114,0) -> 102
C49: OBAXA | E49: =MATCH(C49,Coordinates!$A$2:$A$114,0) -> 100
A50: OLASO 2E | B50: 3,8% until 3700 | C50: RWY 26L | E50: =MATCH(C50,Coordinates!$A$2:$A$114,0) -> 108
C51: DM081 | E51: =MATCH(C51,Coordinates!$A$2:$A$114,0) -> 59
C52: ALONU | E52: =MATCH(C52,Coordinates!$A$2:$A$114,0) -> 4
C53: LAKOL | E53: =MATCH(C53,Coordinates!$A$2:$A$114,0) -> 89
C54: OBAXA | E54: =MATCH(C54,Coordinates!$A$2:$A$114,0) -> 100
C55: MERSI | E55: =MATCH(C55,Coordinates!$A$2:$A$114,0) -> 95
C56: OLASO | E56: =MATCH(C56,Coordinates!$A$2:$A$114,0) -> 101
A57: TULSI 3E | B57: 3,8% until 3700 | C57: RWY 26L | E57: =MATCH(C57,Coordinates!$A$2:$A$114,0) -> 108
C58: DM081 | E58: =MATCH(C58,Coordinates!$A$2:$A$114,0) -> 59
C59: ALONU | E59: =MATCH(C59,Coordinates!$A$2:$A$114,0) -> 4
C60: LAKOL | E60: =MATCH(C60,Coordinates!$A$2:$A$114,0) -> 89
C61: MANAL | E61: =MATCH(C61,Coordinates!$A$2:$A$114,0) -> 93
C62: TULSI | E62: =MATCH(C62,Coordinates!$A$2:$A$114,0) -> 110
A63: TURBU 6E | B63: 3,8% until 3700 | C63: RWY 26L | E63: =MATCH(C63,Coordinates!$A$2:$A$114,0) -> 108
C64: DM081 | E64: =MATCH(C64,Coordinates!$A$2:$A$114,0) -> 59
C65: ALONU | E65: =MATCH(C65,Coordinates!$A$2:$A$114,0) -> 4
C66: LAKOL | E66: =MATCH(C66,Coordinates!$A$2:$A$114,0) -> 89
C67: TURBU | E67: =MATCH(C67,Coordinates!$A$2:$A$114,0) -> 111
A68: BIBAG 2E | B68: 3,8% until 3700 | C68: RWY 26L | E68: =MATCH(C68,Coordinates!$A$2:$A$114,0) -> 108
C69: DM080 | E69: =MATCH(C69,Coordinates!$A$2:$A$114,0) -> 58
C70: RATGI | E70: =MATCH(C70,Coordinates!$A$2:$A$114,0) -> 103
C71: BIBAG | E71: =MATCH(C71,Coordinates!$A$2:$A$114,0) -> 9
A72: KIRDI 2E | B72: 3,8% until 3700 | C72: RWY 26L | E72: =MATCH(C72,Coordinates!$A$2:$A$114,0) -> 108
C73: DM080 | E73: =MATCH(C73,Coordinates!$A$2:$A$114,0) -> 58
C74: RATGI | E74: =MATCH(C74,Coordinates!$A$2:$A$114,0) -> 103
C75: MEBEK | E75: =MATCH(C75,Coordinates!$A$2:$A$114,0) -> 94
C76: KIRDI | E76: =MATCH(C76,Coordinates!$A$2:$A$114,0) -> 88
A77: ROTAX 4E | B77: 3,8% until 3700 | C77: RWY 26L | E77: =MATCH(C77,Coordinates!$A$2:$A$114,0) -> 108
C78: DM080 | E78: =MATCH(C78,Coordinates!$A$2:$A$114,0) -> 58
C79: DM092 | E79: =MATCH(C79,Coordinates!$A$2:$A$114,0) -> 68
C80: DM467 | E80: =MATCH(C80,Coordinates!$A$2:$A$114,0) -> 79
C81: ROTAX | E81: =MATCH(C81,Coordinates!$A$2:$A$114,0) -> 105
A82: VAVOR 3E | B82: 3,8% until 3700 | C82: RWY 26L | E82: =MATCH(C82,Coordinates!$A$2:$A$114,0) -> 108
C83: DM081 | E83: =MATCH(C83,Coordinates!$A$2:$A$114,0) -> 59
C84: ALONU | E84: =MATCH(C84,Coordinates!$A$2:$A$114,0) -> 4
C85: EBEVO | E85: =MATCH(C85,Coordinates!$A$2:$A$114,0) -> 82
C86: VAVOR | E86: =MATCH(C86,Coordinates!$A$2:$A$114,0) -> 112
A87: ANKER 9E | B87: STD | C87: RWY 26L | E87: =MATCH(C87,Coordinates!$A$2:$A$114,0) -> 108
C88: DM083 | E88: =MATCH(C88,Coordinates!$A$2:$A$114,0) -> 60
C89: ANKER | E89: =MATCH(C89,Coordinates!$A$2:$A$114,0) -> 7
A90: EVIVA 4E (min) | B90: STD | C90: RWY 26L | E90: =MATCH(C90,Coordinates!$A$2:$A$114,0) -> 108
C91: DM084 | E91: =MATCH(C91,Coordinates!$A$2:$A$114,0) -> 61
C92: DM088 | E92: =MATCH(C92,Coordinates!$A$2:$A$114,0) -> 64
C93: DM089 | E93: =MATCH(C93,Coordinates!$A$2:$A$114,0) -> 65
C94: EVIVA | E94: =MATCH(C94,Coordinates!$A$2:$A$114,0) -> 84
A95: EVIVA 4E (max) | B95: STD | C95: RWY 26L | E95: =MATCH(C95,Coordinates!$A$2:$A$114,0) -> 108
C96: DME DMS 5,1 | E96: =MATCH(C96,Coordinates!$A$2:$A$114,0) -> #N/A
C97: DM088 | E97: =MATCH(C97,Coordinates!$A$2:$A$114,0) -> 64
C98: DM089 | E98: =MATCH(C98,Coordinates!$A$2:$A$114,0) -> 65
C99: EVIVA | E99: =MATCH(C99,Coordinates!$A$2:$A$114,0) -> 84
A100: INPUD 3E (min) | B100: STD | C100: RWY 26L | E100: =MATCH(C100,Coordinates!$A$2:$A$114,0) -> 108
...

Sheet SID 26L
A1: Name | B1: Climb Gradient | C1: Waypoint Name | D1: Remark | E1: Waypoint row#
A2: GIVMI 6S | B2: STD | C2: RWY 08R | E2: =MATCH(C2,Coordinates!$A$2:$A$114,0) -> 107
C3: DM052 | E3: =MATCH(C3,Coordinates!$A$2:$A$114,0) -> 34
C4: DM055 | E4: =MATCH(C4,Coordinates!$A$2:$A$114,0) -> 37
C5: GIVMI | E5: =MATCH(C5,Coordinates!$A$2:$A$114,0) -> 85
A6: MIQ 8S | B6: STD | C6: RWY 08R | E6: =MATCH(C6,Coordinates!$A$2:$A$114,0) -> 107
C7: DME DMS 3,1 | E7: =MATCH(C7,Coordinates!$A$2:$A$114,0) -> #N/A
C8: MIQ | E8: =MATCH(C8,Coordinates!$A$2:$A$114,0) -> 96
A9: RIDAR 6S | B9: 4,9% until 7000 | C9: RWY 08R | E9: =MATCH(C9,Coordinates!$A$2:$A$114,0) -> 107
C10: DM052 | E10: =MATCH(C10,Coordinates!$A$2:$A$114,0) -> 34
C11: DM053 | E11: =MATCH(C11,Coordinates!$A$2:$A$114,0) -> 35
C12: DM054 | E12: =MATCH(C12,Coordinates!$A$2:$A$114,0) -> 36
C13: RIDAR | E13: =MATCH(C13,Coordinates!$A$2:$A$114,0) -> 104
A14: OLASO 2S | B14: 5,3% until 7000 | C14: RWY 08R | E14: =MATCH(C14,Coordinates!$A$2:$A$114,0) -> 107
C15: MSE | E15: =MATCH(C15,Coordinates!$A$2:$A$114,0) -> 98
C16: DM053 | E16: =MATCH(C16,Coordinates!$A$2:$A$114,0) -> 35
C17: OLASO | E17: =MATCH(C17,Coordinates!$A$2:$A$114,0) -> 101
A18: MERSI 5S | B18: 5,3% until 7000 | C18: RWY 08R | E18: =MATCH(C18,Coordinates!$A$2:$A$114,0) -> 107
C19: MSE | E19: =MATCH(C19,Coordinates!$A$2:$A$114,0) -> 98
C20: DM053 | E20: =MATCH(C20,Coordinates!$A$2:$A$114,0) -> 35
C21: AMPEG | E21: =MATCH(C21,Coordinates!$A$2:$A$114,0) -> 6
C22: MERSI | E22: =MATCH(C22,Coordinates!$A$2:$A$114,0) -> 95
A23: ALG 2S | B23: 5,3% until 7000 | C23: RWY 08R | E23: =MATCH(C23,Coordinates!$A$2:$A$114,0) -> 107
C24: MSE | E24: =MATCH(C24,Coordinates!$A$2:$A$114,0) -> 98
C25: DM053 | E25: =MATCH(C25,Coordinates!$A$2:$A$114,0) -> 35
C26: AMEXO | E26: =MATCH(C26,Coordinates!$A$2:$A$114,0) -> 5
C27: ALG | E27: =MATCH(C27,Coordinates!$A$2:$A$114,0) -> 3
A28: OBAXA 6S (min) | B28: STD | C28: RWY 08R | E28: =MATCH(C28,Coordinates!$A$2:$A$114,0) -> 107
C29: DM049 | E29: =MATCH(C29,Coordinates!$A$2:$A$114,0) -> 31
C30: DM068 | E30: =MATCH(C30,Coordinates!$A$2:$A$114,0) -> 49
C31: DM069 | E31: =MATCH(C31,Coordinates!$A$2:$A$114,0) -> 50
C32: OBAXA | E32: =MATCH(C32,Coordinates!$A$2:$A$114,0) -> 100
A33: OBAXA 6S (max) | B33: STD | C33: RWY 08R | E33: =MATCH(C33,Coordinates!$A$2:$A$114,0) -> 107
C34: DME DMS 4,5 | E34: =MATCH(C34,Coordinates!$A$2:$A$114,0) -> #N/A
C35: DM068 | E35: =MATCH(C35,Coordinates!$A$2:$A$114,0) -> 49
C36: DM069 | E36: =MATCH(C36,Coordinates!$A$2:$A$114,0) -> 50
C37: OBAXA | E37: =MATCH(C37,Coordinates!$A$2:$A$114,0) -> 100
A38: TULSI 7S (min) | B38: STD | C38: RWY 08R | E38: =MATCH(C38,Coordinates!$A$2:$A$114,0) -> 107
C39: DM049 | E39: =MATCH(C39,Coordinates!$A$2:$A$114,0) -> 31
C40: DM050 | E40: =MATCH(C40,Coordinates!$A$2:$A$114,0) -> 32
C41: OTT | E41: =MATCH(C41,Coordinates!$A$2:$A$114,0) -> 102
C42: MANAL | E42: =MATCH(C42,Coordinates!$A$2:$A$114,0) -> 93
C43: TULSI | E43: =MATCH(C43,Coordinates!$A$2:$A$114,0) -> 110
A44: TULSI 7S (max) | B44: STD | C44: RWY 08R | E44: =MATCH(C44,Coordinates!$A$2:$A$114,0) -> 107
C45: DME DMS 4,5 | E45: =MATCH(C45,Coordinates!$A$2:$A$114,0) -> #N/A
C46: DM050 | E46: =MATCH(C46,Coordinates!$A$2:$A$114,0) -> 32
C47: OTT | E47: =MATCH(C47,Coordinates!$A$2:$A$114,0) -> 102
C48: MANAL | E48: =MATCH(C48,Coordinates!$A$2:$A$114,0) -> 93
C49: TULSI | E49: =MATCH(C49,Coordinates!$A$2:$A$114,0) -> 110
A50: TULSI 4W | B50: STD | C50: RWY 08R | E50: =MATCH(C50,Coordinates!$A$2:$A$114,0) -> 107
C51: MSE | E51: =MATCH(C51,Coordinates!$A$2:$A$114,0) -> 98
C52: DM058 | E52: =MATCH(C52,Coordinates!$A$2:$A$114,0) -> 40
C53: DM046 | E53: =MATCH(C53,Coordinates!$A$2:$A$114,0) -> 30
C54: OTT | E54: =MATCH(C54,Coordinates!$A$2:$A$114,0) -> 102
C55: MANAL | E55: =MATCH(C55,Coordinates!$A$2:$A$114,0) -> 93
C56: TULSI | E56: =MATCH(C56,Coordinates!$A$2:$A$114,0) -> 110
A57: TURBU 7S (min) | B57: STD | C57: RWY 08R | E57: =MATCH(C57,Coordinates!$A$2:$A$114,0) -> 107
C58: DM049 | E58: =MATCH(C58,Coordinates!$A$2:$A$114,0) -> 31
C59: DM050 | E59: =MATCH(C59,Coordinates!$A$2:$A$114,0) -> 32
C60: OTT | E60: =MATCH(C60,Coordinates!$A$2:$A$114,0) -> 102
C61: TURBU | E61: =MATCH(C61,Coordinates!$A$2:$A$114,0) -> 111
A62: TURBU 7S (max) | B62: STD | C62: RWY 08R | E62: =MATCH(C62,Coordinates!$A$2:$A$114,0) -> 107
C63: DME DMS 4,5 | E63: =MATCH(C63,Coordinates!$A$2:$A$114,0) -> #N/A
C64: DM050 | E64: =MATCH(C64,Coordinates!$A$2:$A$114,0) -> 32
C65: OTT | E65: =MATCH(C65,Coordinates!$A$2:$A$114,0) -> 102
C66: TURBU | E66: =MATCH(C66,Coordinates!$A$2:$A$114,0) -> 111
A67: TURBU 7W | B67: STD | C67: RWY 08R | E67: =MATCH(C67,Coordinates!$A$2:$A$114,0) -> 107
C68: MSE | E68: =MATCH(C68,Coordinates!$A$2:$A$114,0) -> 98
C69: DM058 | E69: =MATCH(C69,Coordinates!$A$2:$A$114,0) -> 40
C70: DM046 | E70: =MATCH(C70,Coordinates!$A$2:$A$114,0) -> 30
C71: OTT | E71: =MATCH(C71,Coordinates!$A$2:$A$114,0) -> 102
C72: TURBU | E72: =MATCH(C72,Coordinates!$A$2:$A$114,0) -> 111
A73: ROTAX 3S (min) | B73: STD | C73: RWY 08R | E73: =MATCH(C73,Coordinates!$A$2:$A$114,0) -> 107
C74: DM049 | E74: =MATCH(C74,Coordinates!$A$2:$A$114,0) -> 31
C75: DM050 | E75: =MATCH(C75,Coordinates!$A$2:$A$114,0) -> 32
C76: OTT | E76: =MATCH(C76,Coordinates!$A$2:$A$114,0) -> 102
C77: LAKOL | E77: =MATCH(C77,Coordinates!$A$2:$A$114,0) -> 89
C78: ROTAX | E78: =MATCH(C78,Coordinates!$A$2:$A$114,0) -> 105
A79: ROTAX 3S (max) | B79: STD | C79: RWY 08R | E79: =MATCH(C79,Coordinates!$A$2:$A$114,0) -> 107
C80: DME DMS 4,5 | E80: =MATCH(C80,Coordinates!$A$2:$A$114,0) -> #N/A
C81: DM050 | E81: =MATCH(C81,Coordinates!$A$2:$A$114,0) -> 32
C82: OTT | E82: =MATCH(C82,Coordinates!$A$2:$A$114,0) -> 102
C83: LAKOL | E83: =MATCH(C83,Coordinates!$A$2:$A$114,0) -> 89
C84: ROTAX | E84: =MATCH(C84,Coordinates!$A$2:$A$114,0) -> 105
A85: ROTAX 3W | B85: STD | C85: RWY 08R | E85: =MATCH(C85,Coordinates!$A$2:$A$114,0) -> 107
C86: MSE | E86: =MATCH(C86,Coordinates!$A$2:$A$114,0) -> 98
C87: DM058 | E87: =MATCH(C87,Coordinates!$A$2:$A$114,0) -> 40
C88: DM046 | E88: =MATCH(C88,Coordinates!$A$2:$A$114,0) -> 30
C89: OTT | E89: =MATCH(C89,Coordinates!$A$2:$A$114,0) -> 102
C90: LAKOL | E90: =MATCH(C90,Coordinates!$A$2:$A$114,0) -> 89
C91: ROTAX | E91: =MATCH(C91,Coordinates!$A$2:$A$114,0) -> 105
A92: VAVOR 3S (min) | B92: STD | C92: RWY 08R | E92: =MATCH(C92,Coordinates!$A$2:$A$114,0) -> 107
C93: DM049 | E93: =MATCH(C93,Coordinates!$A$2:$A$114,0) -> 31
C94: DM050 | E94: =MATCH(C94,Coordinates!$A$2:$A$114,0) -> 32
C95: OTT | E95: =MATCH(C95,Coordinates!$A$2:$A$114,0) -> 102
C96: LAKOL | E96: =MATCH(C96,Coordinates!$A$2:$A$114,0) -> 89
C97: VAVOR | E97: =MATCH(C97,Coordinates!$A$2:$A$114,0) -> 112
A98: VAVOR 3S (max) | B98: STD | C98: RWY 08R | E98: =MATCH(C98,Coordinates!$A$2:$A$114,0) -> 107
C99: DME DMS 4,5 | E99: =MATCH(C99,Coordinates!$A$2:$A$114,0) -> #N/A
C100: DM050 | E100: =MATCH(C100,Coordinates!$A$2:$A$114,0) -> 32
...

Sheet SID 26R
A1: Name | B1: Climb Gradient | C1: Waypoint Name | D1: Remark | E1: Waypoint row#
A2: GIVMI 1N | B2: STD | C2: RWY 08L | E2: =MATCH(C2,Coordinates!$A$2:$A$114,0) -> 106
C3: DM060 | E3: =MATCH(C3,Coordinates!$A$2:$A$114,0) -> 41
C4: DM063 | E4: =MATCH(C4,Coordinates!$A$2:$A$114,0) -> 44
C5: GIVMI | E5: =MATCH(C5,Coordinates!$A$2:$A$114,0) -> 85
A6: MIQ 9N | B6: STD | C6: RWY 08L | E6: =MATCH(C6,Coordinates!$A$2:$A$114,0) -> 106
C7: DME DMN 3,5 | E7: =MATCH(C7,Coordinates!$A$2:$A$114,0) -> #N/A
C8: MIQ | E8: =MATCH(C8,Coordinates!$A$2:$A$114,0) -> 96
A9: RIDAR 6N | B9: 4,9% until 7000 | C9: RWY 08L | E9: =MATCH(C9,Coordinates!$A$2:$A$114,0) -> 106
C10: MNE | E10: =MATCH(C10,Coordinates!$A$2:$A$114,0) -> 97
C11: DM061 | E11: =MATCH(C11,Coordinates!$A$2:$A$114,0) -> 42
C12: DM062 | E12: =MATCH(C12,Coordinates!$A$2:$A$114,0) -> 43
C13: RIDAR | E13: =MATCH(C13,Coordinates!$A$2:$A$114,0) -> 104
A14: OLASO 2N | B14: 5,3% until 7000 | C14: RWY 08L | E14: =MATCH(C14,Coordinates!$A$2:$A$114,0) -> 106
C15: MNE | E15: =MATCH(C15,Coordinates!$A$2:$A$114,0) -> 97
C16: DM061 | E16: =MATCH(C16,Coordinates!$A$2:$A$114,0) -> 42
C17: OLASO | E17: =MATCH(C17,Coordinates!$A$2:$A$114,0) -> 101
A18: MERSI 6N | B18: 5,3% until 7000 | C18: RWY 08L | E18: =MATCH(C18,Coordinates!$A$2:$A$114,0) -> 106
C19: MNE | E19: =MATCH(C19,Coordinates!$A$2:$A$114,0) -> 97
C20: DM061 | E20: =MATCH(C20,Coordinates!$A$2:$A$114,0) -> 42
C21: AMPEG | E21: =MATCH(C21,Coordinates!$A$2:$A$114,0) -> 6
C22: MERSI | E22: =MATCH(C22,Coordinates!$A$2:$A$114,0) -> 95
A23: ALG 2N | B23: 5,3% until 7000 | C23: RWY 08L | E23: =MATCH(C23,Coordinates!$A$2:$A$114,0) -> 106
C24: MNE | E24: =MATCH(C24,Coordinates!$A$2:$A$114,0) -> 97
C25: DM061 | E25: =MATCH(C25,Coordinates!$A$2:$A$114,0) -> 42
C26: AMEXO | E26: =MATCH(C26,Coordinates!$A$2:$A$114,0) -> 5
C27: ALG | E27: =MATCH(C27,Coordinates!$A$2:$A$114,0) -> 3
A28: OBAXA 6N (min) | B28: STD | C28: RWY 08L | E28: =MATCH(C28,Coordinates!$A$2:$A$114,0) -> 106
C29: DM067 | E29: =MATCH(C29,Coordinates!$A$2:$A$114,0) -> 48
C30: DM050 | E30: =MATCH(C30,Coordinates!$A$2:$A$114,0) -> 32
C31: DM068 | E31: =MATCH(C31,Coordinates!$A$2:$A$114,0) -> 49
C32: DM069 | E32: =MATCH(C32,Coordinates!$A$2:$A$114,0) -> 50
C33: OBAXA | E33: =MATCH(C33,Coordinates!$A$2:$A$114,0) -> 100
A34: OBAXA 6S (max) | B34: STD | C34: RWY 08L | E34: =MATCH(C34,Coordinates!$A$2:$A$114,0) -> 106
C35: DME DMS 5,0 | E35: =MATCH(C35,Coordinates!$A$2:$A$114,0) -> #N/A
C36: DM050 | E36: =MATCH(C36,Coordinates!$A$2:$A$114,0) -> 32
C37: DM068 | E37: =MATCH(C37,Coordinates!$A$2:$A$114,0) -> 49
C38: DM069 | E38: =MATCH(C38,Coordinates!$A$2:$A$114,0) -> 50
C39: OBAXA | E39: =MATCH(C39,Coordinates!$A$2:$A$114,0) -> 100
A40: TULSI 4N (min) | B40: STD | C40: RWY 08L | E40: =MATCH(C40,Coordinates!$A$2:$A$114,0) -> 106
C41: DM067 | E41: =MATCH(C41,Coordinates!$A$2:$A$114,0) -> 48
C42: DM050 | E42: =MATCH(C42,Coordinates!$A$2:$A$114,0) -> 32
C43: OTT | E43: =MATCH(C43,Coordinates!$A$2:$A$114,0) -> 102
C44: MANAL | E44: =MATCH(C44,Coordinates!$A$2:$A$114,0) -> 93
C45: TULSI | E45: =MATCH(C45,Coordinates!$A$2:$A$114,0) -> 110
A46: TULSI 4N (max) | B46: STD | C46: RWY 08L | E46: =MATCH(C46,Coordinates!$A$2:$A$114,0) -> 106
C47: DME DMS 5,0 | E47: =MATCH(C47,Coordinates!$A$2:$A$114,0) -> #N/A
C48: DM050 | E48: =MATCH(C48,Coordinates!$A$2:$A$114,0) -> 32
C49: OTT | E49: =MATCH(C49,Coordinates!$A$2:$A$114,0) -> 102
C50: MANAL | E50: =MATCH(C50,Coordinates!$A$2:$A$114,0) -> 93
C51: TULSI | E51: =MATCH(C51,Coordinates!$A$2:$A$114,0) -> 110
A52: TURBU 7N (min) | B52: STD | C52: RWY 08L | E52: =MATCH(C52,Coordinates!$A$2:$A$114,0) -> 106
C53: DM067 | E53: =MATCH(C53,Coordinates!$A$2:$A$114,0) -> 48
C54: DM050 | E54: =MATCH(C54,Coordinates!$A$2:$A$114,0) -> 32
C55: OTT | E55: =MATCH(C55,Coordinates!$A$2:$A$114,0) -> 102
C56: TURBU | E56: =MATCH(C56,Coordinates!$A$2:$A$114,0) -> 111
A57: TURBU 7N (max) | B57: STD | C57: RWY 08L | E57: =MATCH(C57,Coordinates!$A$2:$A$114,0) -> 106
C58: DME DMS 5,0 | E58: =MATCH(C58,Coordinates!$A$2:$A$114,0) -> #N/A
C59: DM050 | E59: =MATCH(C59,Coordinates!$A$2:$A$114,0) -> 32
C60: OTT | E60: =MATCH(C60,Coordinates!$A$2:$A$114,0) -> 102
C61: TURBU | E61: =MATCH(C61,Coordinates!$A$2:$A$114,0) -> 111
A62: BIBAG 4N (min) | B62: STD | C62: RWY 08L | E62: =MATCH(C62,Coordinates!$A$2:$A$114,0) -> 106
C63: DM067 | E63: =MATCH(C63,Coordinates!$A$2:$A$114,0) -> 48
C64: DM050 | E64: =MATCH(C64,Coordinates!$A$2:$A$114,0) -> 32
C65: OTT | E65: =MATCH(C65,Coordinates!$A$2:$A$114,0) -> 102
C66: MEBEK | E66: =MATCH(C66,Coordinates!$A$2:$A$114,0) -> 94
C67: BIBAG | E67: =MATCH(C67,Coordinates!$A$2:$A$114,0) -> 9
A68: BIBAG 4N (max) | B68: STD | C68: RWY 08L | E68: =MATCH(C68,Coordinates!$A$2:$A$114,0) -> 106
C69: DME DMS 5,0 | E69: =MATCH(C69,Coordinates!$A$2:$A$114,0) -> #N/A
C70: DM050 | E70: =MATCH(C70,Coordinates!$A$2:$A$114,0) -> 32
C71: OTT | E71: =MATCH(C71,Coordinates!$A$2:$A$114,0) -> 102
C72: MEBEK | E72: =MATCH(C72,Coordinates!$A$2:$A$114,0) -> 94
C73: BIBAG | E73: =MATCH(C73,Coordinates!$A$2:$A$114,0) -> 9
A74: KIRDI 4N (min) | B74: STD | C74: RWY 08L | E74: =MATCH(C74,Coordinates!$A$2:$A$114,0) -> 106
C75: DM067 | E75: =MATCH(C75,Coordinates!$A$2:$A$114,0) -> 48
C76: DM050 | E76: =MATCH(C76,Coordinates!$A$2:$A$114,0) -> 32
C77: OTT | E77: =MATCH(C77,Coordinates!$A$2:$A$114,0) -> 102
C78: MEBEK | E78: =MATCH(C78,Coordinates!$A$2:$A$114,0) -> 94
C79: KIRDI | E79: =MATCH(C79,Coordinates!$A$2:$A$114,0) -> 88
A80: KIRDI 4N (max) | B80: STD | C80: RWY 08L | E80: =MATCH(C80,Coordinates!$A$2:$A$114,0) -> 106
C81: DME DMS 5,0 | E81: =MATCH(C81,Coordinates!$A$2:$A$114,0) -> #N/A
C82: DM050 | E82: =MATCH(C82,Coordinates!$A$2:$A$114,0) -> 32
C83: OTT | E83: =MATCH(C83,Coordinates!$A$2:$A$114,0) -> 102
C84: MEBEK | E84: =MATCH(C84,Coordinates!$A$2:$A$114,0) -> 94
C85: KIRDI | E85: =MATCH(C85,Coordinates!$A$2:$A$114,0) -> 88
A86: VAVOR 4N (min) | B86: STD | C86: RWY 08L | E86: =MATCH(C86,Coordinates!$A$2:$A$114,0) -> 106
C87: DM067 | E87: =MATCH(C87,Coordinates!$A$2:$A$114,0) -> 48
C88: DM050 | E88: =MATCH(C88,Coordinates!$A$2:$A$114,0) -> 32
C89: OTT | E89: =MATCH(C89,Coordinates!$A$2:$A$114,0) -> 102
C90: LAKOL | E90: =MATCH(C90,Coordinates!$A$2:$A$114,0) -> 89
C91: VAVOR | E91: =MATCH(C91,Coordinates!$A$2:$A$114,0) -> 112
A92: VAVOR 4N (max) | B92: STD | C92: RWY 08L | E92: =MATCH(C92,Coordinates!$A$2:$A$114,0) -> 106
C93: DME DMS 5,0 | E93: =MATCH(C93,Coordinates!$A$2:$A$114,0) -> #N/A
C94: DM050 | E94: =MATCH(C94,Coordinates!$A$2:$A$114,0) -> 32
C95: OTT | E95: =MATCH(C95,Coordinates!$A$2:$A$114,0) -> 102
C96: LAKOL | E96: =MATCH(C96,Coordinates!$A$2:$A$114,0) -> 89
C97: VAVOR | E97: =MATCH(C97,Coordinates!$A$2:$A$114,0) -> 112
A98: ROTAX 4N (min) | B98: STD | C98: RWY 08L | E98: =MATCH(C98,Coordinates!$A$2:$A$114,0) -> 106
C99: DM067 | E99: =MATCH(C99,Coordinates!$A$2:$A$114,0) -> 48
C100: DM050 | E100: =MATCH(C100,Coordinates!$A$2:$A$114,0) -> 32
...
